,AUC,PR_AUC,Accuracy,Precision,Recall,F1,Threshold
Fluorescence480,0.5800825060046904,0.02662267261956079,0.894652902627153,0.006256952169076752,0.27439024390243905,0.012234910277324634,0.5
Fluorescence340_450,0.8701701975175866,0.6610518875462106,0.8353389781360552,0.5044621888210428,0.7465461812494569,0.6020812164955678,0.5
Transmittance450,0.6481725539290593,0.03252606422155651,0.7339645073363104,0.024888986349432596,0.4468503937007874,0.047151685101521526,0.5
Transmittance340,0.8439791712349953,0.41750099923865963,0.8584788029925187,0.2363293526084224,0.676954732510288,0.35034941763727123,0.5
