,AUC,PR_AUC,Accuracy,Precision,Recall,F1,Threshold
Fluorescence480,0.6058724559821462,0.01684265298943027,0.9114713216957606,0.006806108897742364,0.25,0.013251454427925016,0.5
Fluorescence340_450,0.8693899639019721,0.6619308186345382,0.8352229890390304,0.504234795906364,0.7448952993309583,0.6013819227666515,0.5
Transmittance450,0.6546520389177249,0.03349462486199188,0.7424607086933829,0.027268108169141308,0.47539370078740156,0.05157776709915105,0.5
Transmittance340,0.8457632972191934,0.4129544269732043,0.856796961085658,0.23332442782082108,0.6738683127572016,0.3466296222795528,0.5
