,AUC,PR_AUC,Accuracy,Precision,Recall,F1,Threshold
Fluorescence480,0.6030544342546669,0.023756112532570824,0.906904251000406,0.007089963762407437,0.27439024390243905,0.01382276148057134,0.5
Fluorescence340_450,0.8705996653920189,0.6627200548315637,0.8366438554775851,0.5071513002364066,0.7455904075071683,0.6036793415174646,0.5
Transmittance450,0.6453316698553905,0.030451269840052808,0.7310937771849446,0.026419579663947267,0.4812992125984252,0.05008962868117798,0.5
Transmittance340,0.8451924043300295,0.416241506788923,0.85785536159601,0.23523093447905477,0.6759259259259259,0.349003984063745,0.5
