,Fluorescence480,Fluorescence340_450,Transmittance450,Transmittance340
Fluorescence480,1.0,0.06357962255045921,0.0039144878211064835,0.006137626089306108
Fluorescence340_450,0.06357962255045921,1.0,0.013383954024754292,0.18094736893605518
Transmittance450,0.0039144878211064835,0.013383954024754292,1.0,0.49714200113055407
Transmittance340,0.006137626089306108,0.18094736893605518,0.49714200113055407,1.0
